Validation_Set,Topics,Alpha,Beta,Coherence
80% Corpus,5,0.5,0.5,0.4095871959285108
80% Corpus,5,0.5,0.6,0.4139154056817206
80% Corpus,5,0.5,0.7,0.40301187141785677
80% Corpus,5,0.5,0.7999999999999999,0.4383060014452475
80% Corpus,5,0.5,0.8999999999999999,0.45182464254589333
80% Corpus,5,0.5,symmetric,0.37205235527048985
80% Corpus,5,0.6,0.5,0.3924125389166327
80% Corpus,5,0.6,0.6,0.4228127192911552
80% Corpus,5,0.6,0.7,0.4309498114083983
80% Corpus,5,0.6,0.7999999999999999,0.4128009481067768
80% Corpus,5,0.6,0.8999999999999999,0.45980317229135526
80% Corpus,5,0.6,symmetric,0.36031887415912334
80% Corpus,5,0.7,0.5,0.4035542179938549
80% Corpus,5,0.7,0.6,0.41677520562948445
80% Corpus,5,0.7,0.7,0.4432117344373818
80% Corpus,5,0.7,0.7999999999999999,0.4089737925391267
80% Corpus,5,0.7,0.8999999999999999,0.45794641216191845
80% Corpus,5,0.7,symmetric,0.37603203709284444
80% Corpus,5,0.7999999999999999,0.5,0.4018246063906875
80% Corpus,5,0.7999999999999999,0.6,0.41321447265534295
80% Corpus,5,0.7999999999999999,0.7,0.42845567513517296
80% Corpus,5,0.7999999999999999,0.7999999999999999,0.40967555540861084
80% Corpus,5,0.7999999999999999,0.8999999999999999,0.47046545459347333
80% Corpus,5,0.7999999999999999,symmetric,0.3636518797409204
80% Corpus,5,0.8999999999999999,0.5,0.38646582785545175
80% Corpus,5,0.8999999999999999,0.6,0.41006427118587163
80% Corpus,5,0.8999999999999999,0.7,0.42570772174559446
80% Corpus,5,0.8999999999999999,0.7999999999999999,0.44294569171099524
80% Corpus,5,0.8999999999999999,0.8999999999999999,0.43772321297594363
80% Corpus,5,0.8999999999999999,symmetric,0.3662118266291997
80% Corpus,5,symmetric,0.5,0.39649839261117237
80% Corpus,5,symmetric,0.6,0.40608339741394256
80% Corpus,5,symmetric,0.7,0.40894284505910117
80% Corpus,5,symmetric,0.7999999999999999,0.4349447802902665
80% Corpus,5,symmetric,0.8999999999999999,0.46066449528592573
80% Corpus,5,symmetric,symmetric,0.3763125560807892
80% Corpus,5,asymmetric,0.5,0.38608796919206806
80% Corpus,5,asymmetric,0.6,0.37162530533380245
80% Corpus,5,asymmetric,0.7,0.4248188313466086
80% Corpus,5,asymmetric,0.7999999999999999,0.4438969499010096
80% Corpus,5,asymmetric,0.8999999999999999,0.4479318354100257
80% Corpus,5,asymmetric,symmetric,0.3654437169632191
80% Corpus,6,0.5,0.5,0.41941785527145886
80% Corpus,6,0.5,0.6,0.43925341816354896
80% Corpus,6,0.5,0.7,0.449265065986493
80% Corpus,6,0.5,0.7999999999999999,0.43506169021185803
80% Corpus,6,0.5,0.8999999999999999,0.4653541993385995
80% Corpus,6,0.5,symmetric,0.35942295547550174
80% Corpus,6,0.6,0.5,0.4164365587519692
80% Corpus,6,0.6,0.6,0.43966303687580516
80% Corpus,6,0.6,0.7,0.4535813696326594
80% Corpus,6,0.6,0.7999999999999999,0.41159775348852173
80% Corpus,6,0.6,0.8999999999999999,0.457795611829588
80% Corpus,6,0.6,symmetric,0.36299378429966384
80% Corpus,6,0.7,0.5,0.419971177868772
80% Corpus,6,0.7,0.6,0.42059445760031505
80% Corpus,6,0.7,0.7,0.45082750730984295
80% Corpus,6,0.7,0.7999999999999999,0.4145298516148586
80% Corpus,6,0.7,0.8999999999999999,0.4305941390009396
80% Corpus,6,0.7,symmetric,0.3379000637023781
80% Corpus,6,0.7999999999999999,0.5,0.4174982642197868
80% Corpus,6,0.7999999999999999,0.6,0.4191551860230586
80% Corpus,6,0.7999999999999999,0.7,0.4587233844905491
80% Corpus,6,0.7999999999999999,0.7999999999999999,0.43680736615566057
80% Corpus,6,0.7999999999999999,0.8999999999999999,0.44553330116318923
80% Corpus,6,0.7999999999999999,symmetric,0.3910349959329684
80% Corpus,6,0.8999999999999999,0.5,0.41441794510293334
80% Corpus,6,0.8999999999999999,0.6,0.4066139560628099
80% Corpus,6,0.8999999999999999,0.7,0.4669151242073251
80% Corpus,6,0.8999999999999999,0.7999999999999999,0.4001062325474049
80% Corpus,6,0.8999999999999999,0.8999999999999999,0.4623868943275446
80% Corpus,6,0.8999999999999999,symmetric,0.3590060866272011
80% Corpus,6,symmetric,0.5,0.40430495527801974
80% Corpus,6,symmetric,0.6,0.40002012928311487
80% Corpus,6,symmetric,0.7,0.4589826206946128
80% Corpus,6,symmetric,0.7999999999999999,0.4442417507202274
80% Corpus,6,symmetric,0.8999999999999999,0.46571333879752
80% Corpus,6,symmetric,symmetric,0.3479717856116384
80% Corpus,6,asymmetric,0.5,0.401423492726435
80% Corpus,6,asymmetric,0.6,0.43428955639833816
80% Corpus,6,asymmetric,0.7,0.49945081433813776
80% Corpus,6,asymmetric,0.7999999999999999,0.4910559465575524
80% Corpus,6,asymmetric,0.8999999999999999,0.49036354502385143
80% Corpus,6,asymmetric,symmetric,0.3550046572826134
80% Corpus,7,0.5,0.5,0.4418340641734225
80% Corpus,7,0.5,0.6,0.42980481955779837
80% Corpus,7,0.5,0.7,0.4170718968064876
80% Corpus,7,0.5,0.7999999999999999,0.4332544363390641
80% Corpus,7,0.5,0.8999999999999999,0.4167409605072245
80% Corpus,7,0.5,symmetric,0.3995826530359082
80% Corpus,7,0.6,0.5,0.4479949558510282
80% Corpus,7,0.6,0.6,0.44512374574995583
80% Corpus,7,0.6,0.7,0.42550163204887764
80% Corpus,7,0.6,0.7999999999999999,0.40465050762576144
80% Corpus,7,0.6,0.8999999999999999,0.38967147117835566
80% Corpus,7,0.6,symmetric,0.4007368803548363
80% Corpus,7,0.7,0.5,0.44438202903178226
80% Corpus,7,0.7,0.6,0.44535665690572196
80% Corpus,7,0.7,0.7,0.423027078724605
80% Corpus,7,0.7,0.7999999999999999,0.42047213949068335
80% Corpus,7,0.7,0.8999999999999999,0.40465023479096285
80% Corpus,7,0.7,symmetric,0.3913848218996963
80% Corpus,7,0.7999999999999999,0.5,0.4421310897692776
80% Corpus,7,0.7999999999999999,0.6,0.4424291287968362
80% Corpus,7,0.7999999999999999,0.7,0.42516949812285076
80% Corpus,7,0.7999999999999999,0.7999999999999999,0.4371156429087736
80% Corpus,7,0.7999999999999999,0.8999999999999999,0.4097604073851132
80% Corpus,7,0.7999999999999999,symmetric,0.4064160043138098
80% Corpus,7,0.8999999999999999,0.5,0.4440502967819199
80% Corpus,7,0.8999999999999999,0.6,0.4499294238676018
80% Corpus,7,0.8999999999999999,0.7,0.4129453192666494
80% Corpus,7,0.8999999999999999,0.7999999999999999,0.4247959024951769
80% Corpus,7,0.8999999999999999,0.8999999999999999,0.4183100250596535
80% Corpus,7,0.8999999999999999,symmetric,0.39302659484486296
80% Corpus,7,symmetric,0.5,0.4489919338164266
80% Corpus,7,symmetric,0.6,0.43213866153221286
80% Corpus,7,symmetric,0.7,0.4315407115627326
80% Corpus,7,symmetric,0.7999999999999999,0.41522181289420096
80% Corpus,7,symmetric,0.8999999999999999,0.4112333040208665
80% Corpus,7,symmetric,symmetric,0.3605543020286027
80% Corpus,7,asymmetric,0.5,0.4378275343467726
80% Corpus,7,asymmetric,0.6,0.4719578605599374
80% Corpus,7,asymmetric,0.7,0.49257423086015517
80% Corpus,7,asymmetric,0.7999999999999999,0.48717428560030474
80% Corpus,7,asymmetric,0.8999999999999999,0.458951189290835
80% Corpus,7,asymmetric,symmetric,0.4119790943561779
80% Corpus,8,0.5,0.5,0.4570384636163132
80% Corpus,8,0.5,0.6,0.44007429211188476
80% Corpus,8,0.5,0.7,0.4227358787040164
80% Corpus,8,0.5,0.7999999999999999,0.4215532507924755
80% Corpus,8,0.5,0.8999999999999999,0.3931903458964714
80% Corpus,8,0.5,symmetric,0.4117941146915075
80% Corpus,8,0.6,0.5,0.46637229014652193
80% Corpus,8,0.6,0.6,0.4391019087873549
80% Corpus,8,0.6,0.7,0.4278649259337405
80% Corpus,8,0.6,0.7999999999999999,0.40701514304945813
80% Corpus,8,0.6,0.8999999999999999,0.4010107108704788
80% Corpus,8,0.6,symmetric,0.4104860690542769
80% Corpus,8,0.7,0.5,0.46434129032941174
80% Corpus,8,0.7,0.6,0.43449554012621094
80% Corpus,8,0.7,0.7,0.3960369874156931
80% Corpus,8,0.7,0.7999999999999999,0.4380303585406192
80% Corpus,8,0.7,0.8999999999999999,0.40305657258228766
80% Corpus,8,0.7,symmetric,0.4112791758285559
80% Corpus,8,0.7999999999999999,0.5,0.46873392393859814
80% Corpus,8,0.7999999999999999,0.6,0.44443542118426954
80% Corpus,8,0.7999999999999999,0.7,0.38938563409831795
80% Corpus,8,0.7999999999999999,0.7999999999999999,0.40867536702266616
80% Corpus,8,0.7999999999999999,0.8999999999999999,0.40235038302104575
80% Corpus,8,0.7999999999999999,symmetric,0.40670814512090864
80% Corpus,8,0.8999999999999999,0.5,0.46661955603331545
80% Corpus,8,0.8999999999999999,0.6,0.4385602150194977
80% Corpus,8,0.8999999999999999,0.7,0.39031966544016555
80% Corpus,8,0.8999999999999999,0.7999999999999999,0.38983380555574576
80% Corpus,8,0.8999999999999999,0.8999999999999999,0.4148867557677812
80% Corpus,8,0.8999999999999999,symmetric,0.4110978392407909
80% Corpus,8,symmetric,0.5,0.4684948868312297
80% Corpus,8,symmetric,0.6,0.4566389202375319
80% Corpus,8,symmetric,0.7,0.4417146965324886
80% Corpus,8,symmetric,0.7999999999999999,0.41940746299303133
80% Corpus,8,symmetric,0.8999999999999999,0.4447794028231587
80% Corpus,8,symmetric,symmetric,0.3962831315910055
80% Corpus,8,asymmetric,0.5,0.4332273105301919
80% Corpus,8,asymmetric,0.6,0.48813856546401724
80% Corpus,8,asymmetric,0.7,0.4804032443084358
80% Corpus,8,asymmetric,0.7999999999999999,0.49812531541711136
80% Corpus,8,asymmetric,0.8999999999999999,0.4565958388678766
80% Corpus,8,asymmetric,symmetric,0.3858672818963528
80% Corpus,9,0.5,0.5,0.43615516873022686
80% Corpus,9,0.5,0.6,0.3885189411659741
80% Corpus,9,0.5,0.7,0.36235036190121306
80% Corpus,9,0.5,0.7999999999999999,0.3352779978862706
80% Corpus,9,0.5,0.8999999999999999,0.38395986006973043
80% Corpus,9,0.5,symmetric,0.39230629494502356
80% Corpus,9,0.6,0.5,0.44025079736691075
80% Corpus,9,0.6,0.6,0.409654305454883
80% Corpus,9,0.6,0.7,0.33757538852945357
80% Corpus,9,0.6,0.7999999999999999,0.3561616612778767
80% Corpus,9,0.6,0.8999999999999999,0.3821141857361054
80% Corpus,9,0.6,symmetric,0.3889812076390519
80% Corpus,9,0.7,0.5,0.44696088513023446
80% Corpus,9,0.7,0.6,0.39362180286237214
80% Corpus,9,0.7,0.7,0.3512511302595012
80% Corpus,9,0.7,0.7999999999999999,0.36988167063182775
80% Corpus,9,0.7,0.8999999999999999,0.3969049778525697
80% Corpus,9,0.7,symmetric,0.41665174510937947
80% Corpus,9,0.7999999999999999,0.5,0.4414567019954249
80% Corpus,9,0.7999999999999999,0.6,0.4094865093931219
80% Corpus,9,0.7999999999999999,0.7,0.3319656124057598
80% Corpus,9,0.7999999999999999,0.7999999999999999,0.355758169091827
80% Corpus,9,0.7999999999999999,0.8999999999999999,0.40665100909335844
80% Corpus,9,0.7999999999999999,symmetric,0.36009734820623246
80% Corpus,9,0.8999999999999999,0.5,0.4538118702995455
80% Corpus,9,0.8999999999999999,0.6,0.40766939665806723
80% Corpus,9,0.8999999999999999,0.7,0.35667888031127837
80% Corpus,9,0.8999999999999999,0.7999999999999999,0.383321327306132
80% Corpus,9,0.8999999999999999,0.8999999999999999,0.43913223060189216
80% Corpus,9,0.8999999999999999,symmetric,0.4021833034709778
80% Corpus,9,symmetric,0.5,0.4155132876745718
80% Corpus,9,symmetric,0.6,0.3806988894866829
80% Corpus,9,symmetric,0.7,0.35356107773949436
80% Corpus,9,symmetric,0.7999999999999999,0.40693946109095686
80% Corpus,9,symmetric,0.8999999999999999,0.41630376200177466
80% Corpus,9,symmetric,symmetric,0.4418554338801527
80% Corpus,9,asymmetric,0.5,0.49724410338411207
80% Corpus,9,asymmetric,0.6,0.49867644612917317
80% Corpus,9,asymmetric,0.7,0.47968315772254944
80% Corpus,9,asymmetric,0.7999999999999999,0.4696060353562663
80% Corpus,9,asymmetric,0.8999999999999999,0.41304807321611525
80% Corpus,9,asymmetric,symmetric,0.4184056937545069
80% Corpus,10,0.5,0.5,0.4391444571069051
80% Corpus,10,0.5,0.6,0.4053026664930829
80% Corpus,10,0.5,0.7,0.36501972467788757
80% Corpus,10,0.5,0.7999999999999999,0.39026116003955547
80% Corpus,10,0.5,0.8999999999999999,0.3880663833040957
80% Corpus,10,0.5,symmetric,0.44580346626951356
80% Corpus,10,0.6,0.5,0.4451049240825461
80% Corpus,10,0.6,0.6,0.3868864165547826
80% Corpus,10,0.6,0.7,0.39088179435432696
80% Corpus,10,0.6,0.7999999999999999,0.44210135819459817
80% Corpus,10,0.6,0.8999999999999999,0.2939949439098236
80% Corpus,10,0.6,symmetric,0.4399837931988751
80% Corpus,10,0.7,0.5,0.453195788846549
80% Corpus,10,0.7,0.6,0.3970083819236524
80% Corpus,10,0.7,0.7,0.392809742934809
80% Corpus,10,0.7,0.7999999999999999,0.378665624171918
80% Corpus,10,0.7,0.8999999999999999,0.365037081104821
80% Corpus,10,0.7,symmetric,0.4296976378935895
80% Corpus,10,0.7999999999999999,0.5,0.46283445117286764
80% Corpus,10,0.7999999999999999,0.6,0.4041435542931632
80% Corpus,10,0.7999999999999999,0.7,0.3525898543006306
80% Corpus,10,0.7999999999999999,0.7999999999999999,0.35349861256063636
80% Corpus,10,0.7999999999999999,0.8999999999999999,0.4227406698431905
80% Corpus,10,0.7999999999999999,symmetric,0.44318349659065354
80% Corpus,10,0.8999999999999999,0.5,0.4640913342297065
80% Corpus,10,0.8999999999999999,0.6,0.41203756236667327
80% Corpus,10,0.8999999999999999,0.7,0.350877526281857
80% Corpus,10,0.8999999999999999,0.7999999999999999,0.4236810129128242
80% Corpus,10,0.8999999999999999,0.8999999999999999,0.35501563921966295
80% Corpus,10,0.8999999999999999,symmetric,0.4339682283701765
80% Corpus,10,symmetric,0.5,0.41193032425129095
80% Corpus,10,symmetric,0.6,0.35809036464684973
80% Corpus,10,symmetric,0.7,0.3782709148636997
80% Corpus,10,symmetric,0.7999999999999999,0.39150067791383564
80% Corpus,10,symmetric,0.8999999999999999,0.4890043754106653
80% Corpus,10,symmetric,symmetric,0.45590490516687254
80% Corpus,10,asymmetric,0.5,0.4265140236119332
80% Corpus,10,asymmetric,0.6,0.4790914244290902
80% Corpus,10,asymmetric,0.7,0.4238643311160186
80% Corpus,10,asymmetric,0.7999999999999999,0.4803834435181059
80% Corpus,10,asymmetric,0.8999999999999999,0.4220006548892593
80% Corpus,10,asymmetric,symmetric,0.4573330923701084
100% Corpus,5,0.5,0.5,0.3815627687552968
100% Corpus,5,0.5,0.6,0.4014862330758646
100% Corpus,5,0.5,0.7,0.40131657709096996
100% Corpus,5,0.5,0.7999999999999999,0.4173761818427509
100% Corpus,5,0.5,0.8999999999999999,0.4419316666371058
100% Corpus,5,0.5,symmetric,0.3620193113114876
100% Corpus,5,0.6,0.5,0.3839246776822379
100% Corpus,5,0.6,0.6,0.4019228133337343
100% Corpus,5,0.6,0.7,0.40344427589799486
100% Corpus,5,0.6,0.7999999999999999,0.41817411393970516
100% Corpus,5,0.6,0.8999999999999999,0.4436233226439093
100% Corpus,5,0.6,symmetric,0.3652640013385623
100% Corpus,5,0.7,0.5,0.37936597661423777
100% Corpus,5,0.7,0.6,0.40280882603229334
100% Corpus,5,0.7,0.7,0.40731384147837446
100% Corpus,5,0.7,0.7999999999999999,0.41993965261155
100% Corpus,5,0.7,0.8999999999999999,0.4370531199689662
100% Corpus,5,0.7,symmetric,0.36445490354186816
100% Corpus,5,0.7999999999999999,0.5,0.3839246776822379
100% Corpus,5,0.7999999999999999,0.6,0.3941183224875131
100% Corpus,5,0.7999999999999999,0.7,0.4038735236990316
100% Corpus,5,0.7999999999999999,0.7999999999999999,0.41586651132603947
100% Corpus,5,0.7999999999999999,0.8999999999999999,0.4334715443098422
100% Corpus,5,0.7999999999999999,symmetric,0.36125581166775167
100% Corpus,5,0.8999999999999999,0.5,0.3854989473687914
100% Corpus,5,0.8999999999999999,0.6,0.39642201603361416
100% Corpus,5,0.8999999999999999,0.7,0.4055354231375078
100% Corpus,5,0.8999999999999999,0.7999999999999999,0.41578791525567793
100% Corpus,5,0.8999999999999999,0.8999999999999999,0.43373700208797644
100% Corpus,5,0.8999999999999999,symmetric,0.3612472520945661
100% Corpus,5,symmetric,0.5,0.3765938501573749
100% Corpus,5,symmetric,0.6,0.38867391779105065
100% Corpus,5,symmetric,0.7,0.39714408755680114
100% Corpus,5,symmetric,0.7999999999999999,0.4185251224257517
100% Corpus,5,symmetric,0.8999999999999999,0.42648013191517026
100% Corpus,5,symmetric,symmetric,0.3623814890948811
100% Corpus,5,asymmetric,0.5,0.3885842170877165
100% Corpus,5,asymmetric,0.6,0.3889701999848075
100% Corpus,5,asymmetric,0.7,0.39026760882396083
100% Corpus,5,asymmetric,0.7999999999999999,0.389563223268908
100% Corpus,5,asymmetric,0.8999999999999999,0.43761803497655327
100% Corpus,5,asymmetric,symmetric,0.35988175138544787
100% Corpus,6,0.5,0.5,0.4102208142229329
100% Corpus,6,0.5,0.6,0.4221230573185653
100% Corpus,6,0.5,0.7,0.4421304065556084
100% Corpus,6,0.5,0.7999999999999999,0.4094391987317055
100% Corpus,6,0.5,0.8999999999999999,0.42883492962083963
100% Corpus,6,0.5,symmetric,0.38474728521841856
100% Corpus,6,0.6,0.5,0.40657390528033294
100% Corpus,6,0.6,0.6,0.41609959609273633
100% Corpus,6,0.6,0.7,0.4324324777720279
100% Corpus,6,0.6,0.7999999999999999,0.4179232480126194
100% Corpus,6,0.6,0.8999999999999999,0.42120856979833277
100% Corpus,6,0.6,symmetric,0.38651851598119263
100% Corpus,6,0.7,0.5,0.4124158201630568
100% Corpus,6,0.7,0.6,0.41111189528872333
100% Corpus,6,0.7,0.7,0.43196451522581003
100% Corpus,6,0.7,0.7999999999999999,0.4266561765339926
100% Corpus,6,0.7,0.8999999999999999,0.43071232268715093
100% Corpus,6,0.7,symmetric,0.38595837599018573
100% Corpus,6,0.7999999999999999,0.5,0.41152436946481524
100% Corpus,6,0.7999999999999999,0.6,0.43325885029390404
100% Corpus,6,0.7999999999999999,0.7,0.43144575642769306
100% Corpus,6,0.7999999999999999,0.7999999999999999,0.45194488719286213
100% Corpus,6,0.7999999999999999,0.8999999999999999,0.44327019013901353
100% Corpus,6,0.7999999999999999,symmetric,0.3912710990002268
100% Corpus,6,0.8999999999999999,0.5,0.413708890406472
100% Corpus,6,0.8999999999999999,0.6,0.4267365542870987
100% Corpus,6,0.8999999999999999,0.7,0.42861645901790973
100% Corpus,6,0.8999999999999999,0.7999999999999999,0.44527801035167597
100% Corpus,6,0.8999999999999999,0.8999999999999999,0.4471980455665394
100% Corpus,6,0.8999999999999999,symmetric,0.39539273319380924
100% Corpus,6,symmetric,0.5,0.40008912983659656
100% Corpus,6,symmetric,0.6,0.4038086458342944
100% Corpus,6,symmetric,0.7,0.4281715780348641
100% Corpus,6,symmetric,0.7999999999999999,0.37266858791968677
100% Corpus,6,symmetric,0.8999999999999999,0.4450164551992479
100% Corpus,6,symmetric,symmetric,0.39831908757934253
100% Corpus,6,asymmetric,0.5,0.3984134079894875
100% Corpus,6,asymmetric,0.6,0.39843279833071304
100% Corpus,6,asymmetric,0.7,0.3998552383951861
100% Corpus,6,asymmetric,0.7999999999999999,0.46516861778220236
100% Corpus,6,asymmetric,0.8999999999999999,0.4516767747425256
100% Corpus,6,asymmetric,symmetric,0.3866505036272799
100% Corpus,7,0.5,0.5,0.4018546355375947
100% Corpus,7,0.5,0.6,0.43867726733350537
100% Corpus,7,0.5,0.7,0.4496745641755733
100% Corpus,7,0.5,0.7999999999999999,0.40945695016230715
100% Corpus,7,0.5,0.8999999999999999,0.4133190407149224
100% Corpus,7,0.5,symmetric,0.41620843721211215
100% Corpus,7,0.6,0.5,0.4096260177904082
100% Corpus,7,0.6,0.6,0.43468265864946226
100% Corpus,7,0.6,0.7,0.42940445673885935
100% Corpus,7,0.6,0.7999999999999999,0.4239998496615418
100% Corpus,7,0.6,0.8999999999999999,0.4154079607084177
100% Corpus,7,0.6,symmetric,0.41404121173998354
100% Corpus,7,0.7,0.5,0.42594742681398884
100% Corpus,7,0.7,0.6,0.4478038852863334
100% Corpus,7,0.7,0.7,0.4356014540807469
100% Corpus,7,0.7,0.7999999999999999,0.4376807031357607
100% Corpus,7,0.7,0.8999999999999999,0.4191093336572572
100% Corpus,7,0.7,symmetric,0.4102295880389296
100% Corpus,7,0.7999999999999999,0.5,0.4324054529998077
100% Corpus,7,0.7999999999999999,0.6,0.4397363754056329
100% Corpus,7,0.7999999999999999,0.7,0.43979404081916834
100% Corpus,7,0.7999999999999999,0.7999999999999999,0.4326857741340263
100% Corpus,7,0.7999999999999999,0.8999999999999999,0.40137155809186176
100% Corpus,7,0.7999999999999999,symmetric,0.41205368038163614
100% Corpus,7,0.8999999999999999,0.5,0.43204709359386395
100% Corpus,7,0.8999999999999999,0.6,0.4267214746325751
100% Corpus,7,0.8999999999999999,0.7,0.44360188055919103
100% Corpus,7,0.8999999999999999,0.7999999999999999,0.45466956643916573
100% Corpus,7,0.8999999999999999,0.8999999999999999,0.39845521136290774
100% Corpus,7,0.8999999999999999,symmetric,0.4117504441418696
100% Corpus,7,symmetric,0.5,0.4380883358229222
100% Corpus,7,symmetric,0.6,0.4465698260883781
100% Corpus,7,symmetric,0.7,0.4067186024975193
100% Corpus,7,symmetric,0.7999999999999999,0.4082234779357262
100% Corpus,7,symmetric,0.8999999999999999,0.4064986243470697
100% Corpus,7,symmetric,symmetric,0.38806215262962424
100% Corpus,7,asymmetric,0.5,0.3771132793532271
100% Corpus,7,asymmetric,0.6,0.45113818454429133
100% Corpus,7,asymmetric,0.7,0.4671464107798387
100% Corpus,7,asymmetric,0.7999999999999999,0.46898684089085974
100% Corpus,7,asymmetric,0.8999999999999999,0.4682062292887648
100% Corpus,7,asymmetric,symmetric,0.3994658662985144
100% Corpus,8,0.5,0.5,0.4506833591596609
100% Corpus,8,0.5,0.6,0.4597691641137849
100% Corpus,8,0.5,0.7,0.4282619585752697
100% Corpus,8,0.5,0.7999999999999999,0.3915966561758063
100% Corpus,8,0.5,0.8999999999999999,0.4437784485726223
100% Corpus,8,0.5,symmetric,0.42360262415336525
100% Corpus,8,0.6,0.5,0.4469608832717538
100% Corpus,8,0.6,0.6,0.4540393351743143
100% Corpus,8,0.6,0.7,0.40999139086238684
100% Corpus,8,0.6,0.7999999999999999,0.38309496410445176
100% Corpus,8,0.6,0.8999999999999999,0.39288953607439053
100% Corpus,8,0.6,symmetric,0.41471101455646703
100% Corpus,8,0.7,0.5,0.4351003732278633
100% Corpus,8,0.7,0.6,0.45750157971304767
100% Corpus,8,0.7,0.7,0.43465170358917987
100% Corpus,8,0.7,0.7999999999999999,0.375151164676259
100% Corpus,8,0.7,0.8999999999999999,0.3494672450121482
100% Corpus,8,0.7,symmetric,0.40660380469413615
100% Corpus,8,0.7999999999999999,0.5,0.4581973831234918
100% Corpus,8,0.7999999999999999,0.6,0.4691001187937601
100% Corpus,8,0.7999999999999999,0.7,0.43219873010649856
100% Corpus,8,0.7999999999999999,0.7999999999999999,0.3783735824393305
100% Corpus,8,0.7999999999999999,0.8999999999999999,0.3501294428123456
100% Corpus,8,0.7999999999999999,symmetric,0.41541719893073165
100% Corpus,8,0.8999999999999999,0.5,0.44299236374961776
100% Corpus,8,0.8999999999999999,0.6,0.457529827230637
100% Corpus,8,0.8999999999999999,0.7,0.42619418542456994
100% Corpus,8,0.8999999999999999,0.7999999999999999,0.3661959713745504
100% Corpus,8,0.8999999999999999,0.8999999999999999,0.3386871515391161
100% Corpus,8,0.8999999999999999,symmetric,0.41944420449143993
100% Corpus,8,symmetric,0.5,0.42368407727225504
100% Corpus,8,symmetric,0.6,0.44786117497198336
100% Corpus,8,symmetric,0.7,0.4216216125611462
100% Corpus,8,symmetric,0.7999999999999999,0.40894791106863526
100% Corpus,8,symmetric,0.8999999999999999,0.4303094573445066
100% Corpus,8,symmetric,symmetric,0.3923396372351472
100% Corpus,8,asymmetric,0.5,0.4489627072949126
100% Corpus,8,asymmetric,0.6,0.47285152701876954
100% Corpus,8,asymmetric,0.7,0.46425868701524453
100% Corpus,8,asymmetric,0.7999999999999999,0.46368896481734845
100% Corpus,8,asymmetric,0.8999999999999999,0.4877827083339038
100% Corpus,8,asymmetric,symmetric,0.42754773064398294
100% Corpus,9,0.5,0.5,0.44525758093937884
100% Corpus,9,0.5,0.6,0.44548284950361683
100% Corpus,9,0.5,0.7,0.3911679662143327
100% Corpus,9,0.5,0.7999999999999999,0.338691888815289
100% Corpus,9,0.5,0.8999999999999999,0.38658569615577476
100% Corpus,9,0.5,symmetric,0.3897097432293307
100% Corpus,9,0.6,0.5,0.4514682813012096
100% Corpus,9,0.6,0.6,0.4488784654715093
100% Corpus,9,0.6,0.7,0.37556290691291283
100% Corpus,9,0.6,0.7999999999999999,0.3151820908464704
100% Corpus,9,0.6,0.8999999999999999,0.3648261070771043
100% Corpus,9,0.6,symmetric,0.39634697907665833
100% Corpus,9,0.7,0.5,0.4572903076113033
100% Corpus,9,0.7,0.6,0.4463937457104474
100% Corpus,9,0.7,0.7,0.3684973402515269
100% Corpus,9,0.7,0.7999999999999999,0.3288697958343477
100% Corpus,9,0.7,0.8999999999999999,0.36614771698959386
100% Corpus,9,0.7,symmetric,0.4208579720980399
100% Corpus,9,0.7999999999999999,0.5,0.46501310517375305
100% Corpus,9,0.7999999999999999,0.6,0.44249890985725476
100% Corpus,9,0.7999999999999999,0.7,0.3733709266093935
100% Corpus,9,0.7999999999999999,0.7999999999999999,0.31197949750575
100% Corpus,9,0.7999999999999999,0.8999999999999999,0.3418704394044496
100% Corpus,9,0.7999999999999999,symmetric,0.42911785441079586
100% Corpus,9,0.8999999999999999,0.5,0.4638609137837557
100% Corpus,9,0.8999999999999999,0.6,0.4293618205478358
100% Corpus,9,0.8999999999999999,0.7,0.3738031718066679
100% Corpus,9,0.8999999999999999,0.7999999999999999,0.32966684443146266
100% Corpus,9,0.8999999999999999,0.8999999999999999,0.3608337237046356
100% Corpus,9,0.8999999999999999,symmetric,0.42085600753678615
100% Corpus,9,symmetric,0.5,0.4570980287593276
100% Corpus,9,symmetric,0.6,0.43099259752643115
100% Corpus,9,symmetric,0.7,0.38137725820625634
100% Corpus,9,symmetric,0.7999999999999999,0.35620613116326205
100% Corpus,9,symmetric,0.8999999999999999,0.39466548318003347
100% Corpus,9,symmetric,symmetric,0.4035764895815131
100% Corpus,9,asymmetric,0.5,0.45195373601549615
100% Corpus,9,asymmetric,0.6,0.5091460046040097
100% Corpus,9,asymmetric,0.7,0.4884216851556502
100% Corpus,9,asymmetric,0.7999999999999999,0.4395557633842556
100% Corpus,9,asymmetric,0.8999999999999999,0.4545715794459657
100% Corpus,9,asymmetric,symmetric,0.4345533799288146
100% Corpus,10,0.5,0.5,0.45562298265704204
100% Corpus,10,0.5,0.6,0.4426687370293556
100% Corpus,10,0.5,0.7,0.39336489293937477
100% Corpus,10,0.5,0.7999999999999999,0.3696072335017546
100% Corpus,10,0.5,0.8999999999999999,0.4076481219686562
100% Corpus,10,0.5,symmetric,0.43945778720653095
100% Corpus,10,0.6,0.5,0.4379022317895568
100% Corpus,10,0.6,0.6,0.41886900087509443
100% Corpus,10,0.6,0.7,0.4184173743493195
100% Corpus,10,0.6,0.7999999999999999,0.40480475657267884
100% Corpus,10,0.6,0.8999999999999999,0.4275642832811545
100% Corpus,10,0.6,symmetric,0.43123109027498197
100% Corpus,10,0.7,0.5,0.43612176140020587
100% Corpus,10,0.7,0.6,0.42511403802440106
100% Corpus,10,0.7,0.7,0.4136570098067668
100% Corpus,10,0.7,0.7999999999999999,0.4216236954925631
100% Corpus,10,0.7,0.8999999999999999,0.4123401778267578
100% Corpus,10,0.7,symmetric,0.4338000115153028
100% Corpus,10,0.7999999999999999,0.5,0.42971286449414225
100% Corpus,10,0.7999999999999999,0.6,0.4335744769882951
100% Corpus,10,0.7999999999999999,0.7,0.4826103306618301
100% Corpus,10,0.7999999999999999,0.7999999999999999,0.3808202561019036
100% Corpus,10,0.7999999999999999,0.8999999999999999,0.3653344414457582
100% Corpus,10,0.7999999999999999,symmetric,0.4332212151249742
100% Corpus,10,0.8999999999999999,0.5,0.4156798632165808
100% Corpus,10,0.8999999999999999,0.6,0.41687356813823706
100% Corpus,10,0.8999999999999999,0.7,0.4543679467262091
100% Corpus,10,0.8999999999999999,0.7999999999999999,0.35784839531776846
100% Corpus,10,0.8999999999999999,0.8999999999999999,0.378787285055583
100% Corpus,10,0.8999999999999999,symmetric,0.4129955069155396
100% Corpus,10,symmetric,0.5,0.434937428188618
100% Corpus,10,symmetric,0.6,0.4216100588741445
100% Corpus,10,symmetric,0.7,0.36556925002609864
100% Corpus,10,symmetric,0.7999999999999999,0.38164353603570644
100% Corpus,10,symmetric,0.8999999999999999,0.44795560368713633
100% Corpus,10,symmetric,symmetric,0.4666021671535308
100% Corpus,10,asymmetric,0.5,0.4847461727281953
100% Corpus,10,asymmetric,0.6,0.47383463749041177
100% Corpus,10,asymmetric,0.7,0.4583206341985065
100% Corpus,10,asymmetric,0.7999999999999999,0.4976996209460106
100% Corpus,10,asymmetric,0.8999999999999999,0.4626145322765458
100% Corpus,10,asymmetric,symmetric,0.4650928195226487
